track_id,track_name,artist,artist_id,album,genre
6VZrCewORfInUHln8rP6Xh,Acid House,Yuzo Iwata,4li9Ey60Tu9HscNHnUoiiI,Come Together,acid house
6EJUueTfy21yVTW98aggna,ACID HOUSE,DONT BLINK,1AD6JUzgEvTAI8TLGwlrba,ACID HOUSE,acid house
27hpBolhNCxlWSflcUBk7J,Acid House,Ivan Kay,0oWSwCX8NDcVqqsyFZjfG5,Acid House,acid house
4jzxeZyncG40qnErTR8upV,Acid House,VELDA,4qJI9uNSis7Qi4J1q1Eufn,Acid House / 137 Acid Love,acid house
07Pfum8uHAM0tBN2Tmz6PP,Acid House,MODERN CLVB,0D0qgGtzD5RkVMMIexYN7I,Acid House,acid house
4K08WLcYyPsiAOVhtvk7ma,Acid House,Brian Bennett,0WP1sO0RYZHeJyd8PLSRBp,Drumtrax,acid house
21UFF45L5I54cGmNQ2pDL2,Acid House,Flunk,1Tz1kM5vFyBpzD22fHW609,Take Me Places,acid house
4FqOcv02aePa6qMTPvlpPo,Acid House,TAI,5VOokbPJRb3e8tJYMxxsMQ,Acid House,acid house
3dZ4BroQaW5OkhLDNHRL0N,Acid House,Allen & Healey,2pvyBeE41OxfyXmNY9lDd9,Scream and Shout,acid house
32OAjTZGLK3gNg8IiIf8fZ,Acid House,Gal Shimol,0Hoqud38LIrt7C0Ak7ZybC,Acid House,acid house
3aOnxYekCewIaVO3TNRK4e,Do It! (feat. 이윤정 Lee YoonJung),House Rulez,10otRXsgnJi3lweFUoRSSS,Mojito,acid house
69pxHDxnNA2K1YuBlT52Sc,Acid House,Flunk,1Tz1kM5vFyBpzD22fHW609,Acid House,acid house
1qLqvAXZn7UH60Yd2Xmm9G,Танцуйте,ATL,2n6CVwo43YvjiTgcPxYWrf,Лимб,acid house
1uAevB2x7joMFORFCtsvrW,Acid House,T.C. Crew,7fU4yHkuJo3AX3BTi2CZph,"Reclaim the Underground, Vol. 1",acid house
50pLWYaYZ6tT7WAFJTH86T,Марабу,ATL,2n6CVwo43YvjiTgcPxYWrf,Марабу,acid house
06iR09uUfFS3kVEAJHJyeB,Rose,Peggy Gou,2mLA48B366zkELXYx7hcDN,Seek For Maktoop,acid house
4ovKyYJoftaVcXQxihY00b,ЧУВСТВА,Aarne,5B5qmrbTFvA7TAxWruuwbo,WE LIVE ONLY ONCE,acid house
2IVa68bEp45AKabdmyKa4G,Acid Test (2024 Remix),Glen Check,68ZtcdthScW8ISOvVNW9sV,Electronic Live System 2024,acid house
3OrcEhLzxv1YX597jGjEI7,Move Your Body,Marshall Jefferson,2Di8r9df6xjyj6CVOqbGVz,Move Your Body,acid house
5HTwniqm9szfs9Cib1p1cF,Acidjazzacid,Milan93,5FPtZ4IXvHYp8MsjAevEWg,Acidjazzacid,acid house
4dImmVCjb3sdGYTWvwioGK,ACID RAIN,HYPNOSIS THERAPY,6JwAbXBmKAP4lIett8KUiP,PSILOCYBIN,acid house
7FVvHGA46aU7mkwx4iHMRE,Little Fluffy Clouds,The Orb,5HAtRoEPUvGSA7ziTGB1cF,Adventures Beyond The Ultraworld,acid house
0DwAc0Z8Td3jv5frUznqu1,The Whistle Song,Frankie Knuckles,63yl9nDNrHpiAYGlNJxxjc,Beyond The Mix,acid house
7FN2LnfKKcIzYLjlIZd0EW,In The Mix - Fast Eddie Mix,Mixmasters,4ccqZWdI5OZP6twQ3c8GV9,In The Mix,acid house
5sJiLlgQKBL81QCTOkoLB5,Good Life,Inner City,0vUJ3QLN3MlRfjOc2LjGWp,Paradise,acid house
63UD9AoNO8l04m0aAHoiaX,Acid Jazz,Herr Krank,6867qRW4fPy1KtxyeBIKkl,So What?,acid jazz
2eOayfLgDDCpJWCJzT7wmQ,Acid Jazz,Pirate Copy,4FNYnqg9OnihmqNqAr0XsN,Acid Jazz,acid jazz
5Vu630Hm2dqrYCZhWYX7CC,Acidjazzed Evening,"RADIATION, INC.",1Iofunyt8g3g30haWNy147,INTERNET ANGEL,acid jazz
6tVaapWOaAeiiqKMfCx5fs,Acid Jazz,Jack Lee,12ZVNsCxj4KCcXvUmrHbIW,Gracefulee,acid jazz
5iHsOfiDWfgU6xiaY9ViOF,Acid Jazz,Blacke Smith,103rQGJuUUUlHLUHjmaO2p,Acid Jazz,acid jazz
1eocox6VVbE63Ccx3Pudda,Acid Jazz,Nick Hatcher,72ZrhyMAwcnN9KlTYvbm9Q,Family,acid jazz
5suUdvAte7KpLwf5naHZTj,Acid Jazz,North 90,4Q400L5WlDiO4CR5pCJXeY,Dancer,acid jazz
0w72NvRNifbMyHoke7VrMV,Acid Jazz,Tony Pastrana,03zn3VlKsnOcUgfreC2ED4,New York Latin Jazz,acid jazz
6kL0CcL4rx6VUt6m2zP0tM,Habbit (Bye Bye),Rollercoaster,6znlp6eyARykI2zjw8HSxM,Roller Coaster,acid jazz
1X2jold6Sv5qLI5CLa8Qub,Acid Jazz,Acid Jazz DJ,69cJwb7qpxE13xHvRgR5R6,Acid Jazz,acid jazz
24SUWisv2lYQiB3bVpE1sn,Virtual Insanity,Jamiroquai,6J7biCazzYhU3gM9j1wfid,Pop Music: The Modern Era 1976-1999,acid jazz
47oS7xB31QQUyPCgHpM3VZ,Canned Heat,Jamiroquai,6J7biCazzYhU3gM9j1wfid,Synkronized,acid jazz
6C6I0OGQkCvUUCP9nyMMMe,Acid Jazz,Soft Jazz,7LYx2cb2fOUzT3R0tRnpZR,Soft Jazz Music,acid jazz
5J7imVb41hWNGHghIb0kcH,I can't hide it,Rollercoaster,6znlp6eyARykI2zjw8HSxM,Triangle,acid jazz
4UQDZlZhGUDoYMohwrY28v,Virtual Insanity - Remastered 2006,Jamiroquai,6J7biCazzYhU3gM9j1wfid,Driving Songs,acid jazz
4ZFMvEYELPUCMKJ9by46fL,Acid Punk,IDIOTAPE,0OmQCkk1rR3DJ0Y2NRxp6Z,Acid Punk,acid jazz
2bwxqGKS5GPXfNanAIRe2p,Seven Days in Sunny June,Jamiroquai,6J7biCazzYhU3gM9j1wfid,Dynamite,acid jazz
4euxFlxLWVGmZZLyYARTyE,Spanish Joint,D'Angelo,336vr2M3Va0FjyvB55lJEd,Voodoo,acid jazz
1zxkwOcRr01vizAYlofhIy,Acid Test,Glen Check,68ZtcdthScW8ISOvVNW9sV,Bleach,acid jazz
6y0Etr2KJr0sdcEp7ajoUK,Cosmic Girl - Remastered 2013,Jamiroquai,6J7biCazzYhU3gM9j1wfid,Travelling Without Moving (Remastered),acid jazz
2zQR6bGQI7qYwyTBOhnRvn,Acidic Body,JUNGWOO,3tvnuk98r2VOv9ygTK8cjs,The Embers,acid jazz
6i8bbUfrvEHXu1ODPMEeBS,at,SOIL & “PIMP” SESSIONS,5COMNbVWoe1Kb5UTFAaUwF,ACIDMAN Tribute Works,acid jazz
3XEdqQtGHAM5huMrs3RaKN,Acid Dreams,MAX,1bqxdqvUtPWZri43cKHac8,Acid Dreams,acid techno
1ivhs5EQc8eAw5rcB9SEQz,Acid Blood,999999999,6uD2LjPHUjxrpax0se17Nc,Acid Blood,acid techno
6JkQb1qCCJDBV7kW5vJUAH,ACID,Hardwell,6BrvowZBreEkXzJQMpL174,ACID,acid techno
3H470QOFLgh6CuUj7CuhAL,Bounce Back,Acidus,7j3s7bQ9pNRILCVy8e36ZB,Bounce Back,acid techno
1DdByft8QSr5sf8ZhdxcXE,Bombacid,T78,5FgLkieOqGXPn01dnbJp9Z,Bombacid,acid techno
3thO0vpZuI6W7VaKj6YfNV,TECHNOVA,TOWA TEI,5FLbE1s9bnHwJhmngtVXpD,FUTURE LISTENING!,acid techno
6IfUW6lNAkiW3VVVzf9zYP,Intoxicated,Doruksen,4QualaVaoF8vYnpJ5o8Pw6,Intoxicated,acid techno
2Y2Ydnk6XPTe4IpOTNs5Xh,One Mind,Charlotte de Witte,1lJhME1ZpzsEa5M0wW6Mso,One Mind EP,acid techno
7n0x9UPBlBlp35Nr6GMLj5,The Realm,Charlotte de Witte,1lJhME1ZpzsEa5M0wW6Mso,The Realm,acid techno
40PpSTWl0OfDoue15x21OH,Welcome To London,Charlie Sparks (UK),1lsjQdGrRe2D1nmvCVB7JZ,Welcome To London,acid techno
4vYVhz4SqtofR08nmQB84N,Trepidation,Stan Christ,0aby7MYHsm3JS0eSifxu3I,Trepidation,acid techno
4UnmtogtmTi7IMUFHbDnGM,Acid Sequences,Acid Diver,5ovckPLVw2uQqYeSPz0mZA,Acid Sequences,acid techno
4sGzJs8jikSDbnpN0vXsuO,Rave 4 love,999999999,6uD2LjPHUjxrpax0se17Nc,Rave 4 love,acid techno
0pll0XZcEoIfjThu0Yx4s6,Orbit Motion,Space 92,6TVdVlY6irsNPkMHT2HkfD,Orbit Motion,acid techno
4lokwaruKSA4UVymx6JqXc,Red Armor,Niki Istrefi,0Rx7qgEFYklSZgXkFgwLZL,EUROMANTIC001,acid techno
4lteoV3aaF85u4Rw2a7y9D,Breathe In,Kevin D'Angello,5cg7ESNx1k1NLAkdx78P9y,Breathe In,acid techno
3Ny6m7Bnoi74jJWiFpsyLJ,Acid,WALL-Y,7FqwSnadRSjfvdq0Gb4GQw,Omega Techno Vol. 1,acid techno
6iKLdREEci9SyzXl9JNUVk,Feel It,Amelie Lens,5Ho1vKl1Uz8bJlk4vbmvmf,Feel It,acid techno
6KmjD9CaophLMXTCzKoLLZ,Falling For You,Amelie Lens,5Ho1vKl1Uz8bJlk4vbmvmf,Falling For You,acid techno
3cgrymk2BMWQQR1flg9q6n,Serenity,Amelie Lens,5Ho1vKl1Uz8bJlk4vbmvmf,Serenity,acid techno
4HInyRSJG6fSzcIQ8FmY7Q,Rainbow,Acid Bass,6DYmWvGRa2hHh6uCCpjy2A,Rainbow,acid techno
2bxwSFnpDxhmzayiW9ycvj,Acid Tracks,Amelie Lens,3vYwU5miXhOEljaAvxuGAu,Synthetic Horizons,acid techno
0gVl8IrGZIUL1cptCIzUj2,빗소리 - Acoustic,Yoon Do Hyun,6KsmQPHXE3qhzNNBPSZ0eB,음악 캠핑 갈래?,acoustic country
2qyJJQWSBMYQMVgc2MppGf,사랑 Two - Acoustic,Yoon Do Hyun,6KsmQPHXE3qhzNNBPSZ0eB,음악 캠핑 갈래?,acoustic country
0oBbkZuDLkT8DY9DK67kfr,After All The Bars Are Closed,Thomas Rhett,6x2LnllRG5uGarZMsD4iO8,After All The Bars Are Closed,acoustic country
16YYAyWV6flnwCX6jNUxQU,"Oh, My Julia",Country Kkokko,5kuilVpBoJl3vmv5hitjMx,Winter Traveling,acoustic country
7AF5QxqDm6PqH8BS7rOcMT,오래된 기타 (The old guitar),Uncle B,7mMYzJnduxdIzO6NXPNrrA,오래된 기타 (The old guitar),acoustic country
6qiDIBDU2vBJlzE0ghsyGz,Slow bloom,Bily Acoustie,5r7uTezbOPCO32i7RljvaA,Slow bloom,acoustic country
18igOz3pxDmwz9TPRkTNeG,These memories are like a movie (2025),Bily Acoustie,5r7uTezbOPCO32i7RljvaA,These memories are like a movie (2025),acoustic country
52RNWUgJBF3LOqt3iw1s77,Glad You Exist - Acoustic,Dan + Shay,7z5WFjZAIYejWy0NI5lv4T,Glad You Exist (Acoustic),acoustic country
4HdmfF6nhq9WkoCw1maMYy,윤슬길(With.윤슬) acoustic,가을눈사람(autumn snowman),1aFRJolXiyfauRiEEPoVMa,우리가 함께 걸어온 길,acoustic country
5eUpUFdFaAeovPau6lQkqK,Thinking 'Bout You (feat. MacKenzie Porter),Dustin Lynch,1dID9zgn0OV0Y8ud7Mh2tS,Blue In The Sky,acoustic country
7LacW3OBFtfiz5t69ce9GL,"Take Me Home, Country Roads - Original Version",John Denver,7EK1bQADBoqbYXnT4Cqv9w,John Denver's Greatest Hits,acoustic country
2xRLUWevDLeiEVBJe5nAOu,Country Life (Feat. VVON),TOIL,698zn8fEOIr1OrfqG4283S,TOTO,acoustic country
2VzMN0k5UMrv8xUQFFpVFI,Us - Acoustic,10CM,6zn0ihyAApAYV51zpXxdEp,5.0 (Acoustic),acoustic country
3MTSqosDP6EjfRCuxutzHV,Deeper Than I Thought,Bily Acoustie,5r7uTezbOPCO32i7RljvaA,Deeper Than I Thought,acoustic country
5kNe7PE09d6Kvw5pAsx23n,Die A Happy Man,Thomas Rhett,6x2LnllRG5uGarZMsD4iO8,Tangled Up,acoustic country
5iis9J2sptrUy0VIpFVIg1,Roll Me Up and Smoke Me When I Die - Live,Willie Nelson,5W5bDNCqJ1jbCgTxDD0Cb3,Willie Nelson American Outlaw (Live),acoustic country
0Itp1ZawQfyMQj9pUECJWT,Old Tricks,Thomas Rhett,6x2LnllRG5uGarZMsD4iO8,About A Woman (Deluxe),acoustic country
15JqWJoyG7WNJi9qrAYT86,Somethin' 'Bout A Woman,Thomas Rhett,6x2LnllRG5uGarZMsD4iO8,About A Woman (Deluxe),acoustic country
0nGXi46VcQQ56ZJR428MKS,Does To Me (feat. Eric Church),Luke Combs,718COspgdWOnwOFpJHRZHS,What You See Is What You Get,acoustic country
75LqHkS2ceWCh3iQmg9KDV,Small Town Girls,Thomas Rhett,6x2LnllRG5uGarZMsD4iO8,About A Woman (Deluxe),acoustic country
7MDlhh0Ibum9zJ21PY63z5,No. 1 - Acoustic,10CM,6zn0ihyAApAYV51zpXxdEp,5.0 (Acoustic),acoustic country
5VHRiH48pBB008CAkrIBwP,Good News,Shaboozey,3y2cIKLjiOlp1Np37WiUdH,"Where I've Been, Isn't Where I'm Going: The Complete Edition",acoustic country
60IGhnH20N82dNxKnc8jDd,Knee Deep (feat. Jimmy Buffett),Zac Brown Band,6yJCxee7QumYr820xdIsjo,You Get What You Give,acoustic country
1U01AuW7Qi77R11VTi6PgJ,Dance With You,Thomas Rhett,6x2LnllRG5uGarZMsD4iO8,About A Woman (Deluxe),acoustic country
6DSoaHbdDggoul0Mg4UMN0,클래식 피아노,편안한 음악,6rl2kKUgcaEdECKQkNCpJN,병원에서 듣기좋은음악: 치과 대기실을 위한 편안한 피아노 음악,acoustic country
5T6bJp3XgwT0IaCfKMxmAu,Perfect - Acoustic,Ed Sheeran,6eUKZXaKkcviH0Ku9w2n3V,Perfect (Acoustic),acoustic pop
3ZsOYk34IQMrH4B1PBdofL,Boyfriend - Acoustic Version,Justin Bieber,1uNFoZAHBGtllmzznpCI3s,Believe Acoustic,acoustic pop
7Cj2tT0m2SBeIO1PsGfk8A,Grenade - Acoustic,Bruno Mars,0du5cEVh5yTK9QJze8zA0C,The Grenade Sessions,acoustic pop
6VkmdRz8YgHFQV3ZNTJAWU,Intentions - Acoustic,Justin Bieber,1uNFoZAHBGtllmzznpCI3s,Intentions (Acoustic),acoustic pop
10I5rhhFoWZDIN3kEc6Dbo,Who (Acoustic Remix),Jimin,1oSPZhvZMIrWW5I41kPkkY,MUSE (WONDER ver.),acoustic pop
4I8s6vwzHT2geqH91w2Dyg,Attention - Acoustic,Charlie Puth,6VuMaDnrHyPL1p4EHjYLi7,Attention (Acoustic + Remixes),acoustic pop
7FB6Nx7TK8y1Ke8dY6ROpQ,Soft Spot - Acoustic,keshi,3pc0bOVB5whxmD50W79wwO,Soft Spot (Alternate Versions),acoustic pop
7rJkmoGkKjLMIPI9qUQnSy,Beautiful Things - Acoustic,Benson Boone,22wbnEMDvgVIAGdFeek6ET,Beautiful Things (Alternate Versions),acoustic pop
7eJECM4njsc622iY9zg4af,One Call Away - Acoustic,Charlie Puth,6VuMaDnrHyPL1p4EHjYLi7,Nine Track Mind (Special Edition),acoustic pop
7zQs5RxMWQBVDTW9zl9CHu,Numb Little Bug - Piano Version,Em Beihold,7o2ZQYM7nTsaVdkXY38UAA,Numb Little Bug (Piano Version),acoustic pop
5zxwumO0laRosoeOvbVSvc,Bright Blue Skies,Mitch James,65oocmSeB6z75kHwrZo1le,Mitch James - Deluxe Edition,acoustic pop
6OF4El0W0LVLKQuBVblYVx,What Can We Leave Behind,LambC,0BpbTGO68X4wV2aLBzjnhL,What Can We Leave Behind,acoustic pop
166J7jXizoD8ZkGDNdPxLl,Nobody Puts Baby In The Corner - Acoustic Version,Fall Out Boy,4UXqAaa6dQYAk18Lv7PEgX,From Under The Cork Tree (20th Anniversary Deluxe),acoustic pop
1sTtlEZeVeeEnxEztJNkYN,emily,Jeremy Zucker,3gIRvgZssIb9aiirIg0nI3,brent ii,acoustic pop
7acC8gYsGIcVgEPG6oacqF,윤슬길(With.윤슬) acoustic (Inst.),가을눈사람(autumn snowman),1aFRJolXiyfauRiEEPoVMa,우리가 함께 걸어온 길,acoustic pop
0RFVi5DomeBlCXLR969aFQ,day off - Acoustic,10CM,6zn0ihyAApAYV51zpXxdEp,5.0 (Acoustic),acoustic pop
2kx4bHNlACOSd3wCRlV9hF,Guitar Hero : Dreams Come True,bongjeingan,3zyq3DzSd4aue9Q7s1qMVu,12 Languages,acoustic pop
62KZRwymXq9Rgm8Cm5UCfx,The World We Knew (Over And Over),Frank Sinatra,1Mxqyy3pSjf8kZZL4QVxS0,The World We Knew,adult standards
0Ab4lEHfPY98aqtQrKQbUu,It Had To Be You,Frank Sinatra,1Mxqyy3pSjf8kZZL4QVxS0,"Trilogy: Past, Present & Future",adult standards
1naVD19eofGpFf6wosmHIe,And I Love You So,Perry Como,5v8jlSmAQfrkTjAlpUfWtu,It's Impossible,adult standards
0qB213IfGN0JXXm9aRjldF,Again (with The Mellomen),Doris Day,3ESG6pj6a0LvUKklENalT6,Golden Girl (The Columbia Recordings 1944-1966),adult standards
1zxxbq3UMRXIo4i82MFmjY,The End Of The World,Carpenters,1eEfMU2AhEo7XnKgL7c304,Now & Then (Reissue),adult standards
2Pi0rY9FcbaecqO0AyhXbu,I'll Never Smile Again,Tommy Dorsey,4WoGga7UeRcmjD4ufif4nG,The Seventeen Number Ones,adult standards
6VuJLPtBlEOaR5oYI51ueN,"Quizas, Quizas, Quizas (Perhaps, Perhaps, Perhaps)",Nat King Cole,7v4imS0moSyGdXyLgVTIV7,Cole Espanol,adult standards
35uu4l4jYnCLMh88URXqoX,Aquellos Ojos Verdes,Nat King Cole,7v4imS0moSyGdXyLgVTIV7,A Mis Amigos,adult standards
2KNMqqNd3sLfeN4ukKduRT,Moon River,Frank Sinatra,1Mxqyy3pSjf8kZZL4QVxS0,"Days Of Wine And Roses, Moon River And Other Academy Award Winners",adult standards
6jSOQzZ92aPKN0p2m09y2n,Maybe,The Ink Spots,5bOsFzuJ6QZMr86ezC4oXY,The Anthology,adult standards
0Sc8AsDTBeZFWg8K9tMARE,My Way Of Life,Frank Sinatra,1Mxqyy3pSjf8kZZL4QVxS0,Cycles,adult standards
1Yv6PMPkvLdCIFbm9kanaz,Autumn Leaves - Remastered 1999,Frank Sinatra,1Mxqyy3pSjf8kZZL4QVxS0,Where Are You? (Remastered / Expanded Edition),adult standards
0mPucOgHSriKefrcLqBPB0,This Masquerade,Carpenters,1eEfMU2AhEo7XnKgL7c304,Now & Then (Reissue),adult standards
5LMDR9OJOVfRAB99Vr96zn,Change Partners,Antônio Carlos Jobim,3pO5VjZ4wOHCMBXOvbMISG,Sinatra/Jobim: The Complete Reprise Recordings,adult standards
00VTbljYzdl11ZNEGHjtNy,Standard Dinner Course,Yeong Die,3XuW2hQFCf9kdXL6v1uFcS,Standard Dinner Course,adult standards
51HNabTJu0cCxaUfVvuEN8,The Standard,Swing Stroller,4mIuNN9GeW7eVpaCM5hGmC,Negroni Nights,adult standards
6qeCyQdxowFD746sApGBYx,枯葉 ～Autumn Leaves～ (jazz standard),SANOVA,15fZ3hlvf6rcqHls6hZAbt,BLISS,adult standards
5iPXzdmW5wxcbWJNw46mOy,You've Changed,Kurt Rosenwinkel,253GMpCNwx1TJtASNAeDoP,Standards Trio: Reflections,adult standards
16KzWBkuIU3TVuHfib1VI3,Be Blue,Jazz for Eating,1vWcKQZwKFBY4xFGtm91o7,레스토랑을 위한 재즈 음악: 낭만적인 저녁 식사를 위한 다양한 재즈 트랙,adult standards
6s5Ush55ZistjzNAbbIpoL,But Not For Me,Red Garland,35iymrFS4VnsKn35ebHKX9,Red Garland's Piano,adult standards
1ubvZynVaMW2VE5wwUdZhJ,모닝 재즈,피아노 재즈 음악,6EFc8ePFtRBhjfVnQRjF3H,호텔 라운지 그리고 카페 음악 모음,adult standards
5FcS6BlKoTeNqI117SSetC,Sarabande_bossa Nova (사라방드),JazzCat,36hBT16R5giUhlc4LTnJ4M,"호텔, 카페에서 들리는 재즈 연주곡 모음ⅰ",adult standards
6Xt5TQPerAnqXaeVRKDKE8,Ave Maria_bossa Nova (아베 마리아),JazzCat,36hBT16R5giUhlc4LTnJ4M,"호텔, 카페에서 들리는 재즈 연주곡 모음ⅰ",adult standards
3uUvL24asJ7pMQBTy62gYv,For All We Know,Nat King Cole,7v4imS0moSyGdXyLgVTIV7,Greatest Hits (90th Anniversary Celebration),adult standards
1DP9Lqb77d1pLZ8rDx78vE,"Softly, as in a Morning Sunrise",Cafe Music BGM channel,3yKoHgjtyenCOIRaD2Gghu,Cafe's Standard ~morning edition~,adult standards
4pnaht1jj1ryLyXaTjmoVL,"African Gospel Choir, Vol. 1 - Worship Session",African Gospel Choir,5J9pwgeoN8c7AW6XPOroON,"African Gospel Choir, Vol. 1 (Worship Session)",african gospel
2OHmueqAp9USbKTxRfxwAa,Maberumo (This Is Morning),Ada Ehi,27aJyju2K5sLLiCgZKemnt,Maberumo (This Is Morning),african gospel
2SV9yVLccNSTCada7J6BSZ,주의 보혈 능력 있도다 - Live,사랑의교회,1peeAnaWLKcLlPSXs4XJ3K,2006 Anointing 우리 영혼의 풀 콘서트 (Live),african gospel
5koglAXie2mkdRoOBGRGLR,주품에 Still,소리엘 Soriel,0RopDHSbYX6TjIQSkykR78,소리엘 워십 - 향기로운 제물 1 Soriel Worship - A Fragrant Offering 1,african gospel
6Z7q5t9b36cbF1nIaUPbsi,선한 목자되신 우리 주 - Live Version,BROWN WORSHIP (브라운 워십),1dL1M7R4pCX5KNwHr2XF7m,내일을 여는 모임 (Live Version),african gospel
6JWWPQY2pxzIXt4lKqHSvh,B'Ola (Honour),Sunmisola Agbebi,7fJd7w897ouOZzDc6e3oyU,B'Ola (Honour),african gospel
0zgmTNdlPFHP8f47UzGvhG,주 날개 그늘 아래 Hide Me In The Shelter,Scott Brenner & 다윗의 장막,1qmwVVYHHJMXpUvnIwakqZ,Hide Me In The Shelter,african gospel
0R2cUrYmtu493aiwjHpRth,African praise,Guy Christ Israël,3wIuIacVgYwbDgIp5UB5rQ,Merci,african gospel
1QPF2gtwdYth1cLb3vARjs,LIVING HOPE,아가파오 워십 AGAPAO Worship,2aQdhn9OhCTFeLqDe8Q1sn,LIVING HOPE,african gospel
4lyFrNC86RFN9LxOeJ3WSL,African American Prophetic Praise Medley,Henrisoul,29nYQAtysT9en4qYsRuNTL,African American Prophetic Praise Medley,african gospel
5qLgoSQB0PzF22KTuCF6qG,춤추는 세대 Dancing Generation,Anointing,3hoOEt9XClpTBtECvA6fkp,예배인도자 컨퍼런스 Worship Leader Conference 2007,african gospel
1qxmENsTIjWnqABl4GVw8f,Thank You Jesus for the blood,잔치공동체 Feast Family,0A9GGEZZ8zgUWKRgm1nRYZ,Day of Feast,african gospel
0EWnPlQCVV2fTp0EGvLnjY,Iba,Nathaniel Bassey,1ukmGETCwXTbgrTrkRDnmn,Iba,african gospel
0hz415lBEy9c7uNuVn1Hgr,African Praise - Live,Mr M & Revelation,7Cj72Nr0p08Jibt7ADcEDa,African Praise (Live),african gospel
0bZn8maQ0Rpf1ZYw0tsJ5G,You Are Yahweh,Steve Crown,6ssJ7jGUrvWN8XZjggRBF3,You Are Yahweh,african gospel
2TfDq6YUBAiX09xTlH2bhX,Worthy of My Praise,Dunsin Oyekan,49BZ6sJNhvubVBsomYuLFM,The Great Commission,african gospel
3BTszrSLAt9f11eWeHNTTc,Ndenzel' Uncedo Hymn 377 - Live,Joyous Celebration,6jG7VTyXJjdrVP4jNjDX9W,Joyous Celebration 25 - Still We Rise: Live At The Joburg Theatre,african gospel
2ZMJ3SH0AP6tgHcJStpRvN,Give Me Oil,Joe Mettle,1An6gOOlZ9NITlQs2ZtBCb,Give Me Oil,african gospel
4us9pwwMqOKN3lklnPZZAv,I will pray,Ebuka Songs,1voWj2pMS3ApzUroyIcHXM,I will pray,african gospel
6pKrwKfT1IUq6GvO7xtlIW,Calling My Name (I'm A Soldier) - Live,Ebuka Songs,1voWj2pMS3ApzUroyIcHXM,Calling My Name (I'm A Soldier) [Live],african gospel
5TXoaEbH1P09MsnT7x1KVX,African Praise Jam,SK Frimpong,1iOMmA6rwBelzXXxQAmYX7,African Praise Jam,african gospel
0XmK2zPgY1t1msdf1jyhHw,Too Faithful,Moses Bliss,79MTG7HPurBgQ0ilwJ4AgM,Too Faithful,african gospel
0gDyskuhux7JfUcGzn0gY9,Olorun Agbaye - You Are Mighty,Nathaniel Bassey,1ukmGETCwXTbgrTrkRDnmn,Hallelujah Again (Revelation 19:3),african gospel
0JgTmcVrSqq4dbfmlRSixK,You Are Great,Moses Bliss,79MTG7HPurBgQ0ilwJ4AgM,You Are Great,african gospel
78D1ZERxVW4XvelhO1jG4K,You Are God (feat. Chigozie Achugo),Nathaniel Bassey,1ukmGETCwXTbgrTrkRDnmn,This God Is Too Good,african gospel
3W7KHojYGgYaoX9ogKO9hU,Nothing's Gonna Hurt You Baby,Cigarettes After Sex,1QAJqy2dA3ihHBFIHRphZj,I.,afro r&b
37F0uwRSrdzkBiuj0D5UHI,Reminder,The Weeknd,1Xyo4u8uXC1ZmMpatF05PJ,Starboy,afro r&b
2883Ewc2bLnXl77u6sANcP,"After a few summers (My love X TOIL, Gist)",TOIL,698zn8fEOIr1OrfqG4283S,"After a few summers (My love X TOIL, Gist)",afro r&b
6gQrm0rwg6hok8IxzysD8m,Reckless & Sweet,Amaarae,21UPYSRWFKwtqvSAnFnSvS,Fountain Baby,afro r&b
6Abz3v8mRTS9NJlyzLQIID,After Love (feat. Han Yo Han),PATEKO,0J372uvAXbRjLFSoAVE2lp,After Love,afro r&b
4Lu3I1sbv5yUFLIaMF9o0s,Baribir,Ernar Amandyq,11DtDp1ZY5xB2eTxphJtdA,Baribir,afro r&b
31kxPC3ZB9AYwCLyHaqEVX,Me & U,Tems,687cZJR45JO7jhk1LHIbgq,Born in the Wild,afro r&b
1A1ifX8sWzelNpkL5PxcHT,Last Heartbreak Song (feat. Giveon),Ayra Starr,3ZpEKRjHaHANcpk10u6Ntq,The Year I Turned 21,afro r&b
5UJTNrW72ZMubW2wKBf8g2,TROUBLE (Prod. Slom),Don Mills,6bIsFWNkjQvSm5P4rqlxKn,Show Me The Money 10 Episode 1,afro r&b
2mzM4Y0Rnx2BDZqRnhQ5Q6,Free Mind,Tems,687cZJR45JO7jhk1LHIbgq,For Broken Ears,afro r&b
1i9lZvlaDdWDPyXEE95aiq,TELEKINESIS (feat. SZA & Future),Travis Scott,0Y5tJX1MQlPlqiwlOH1tJY,UTOPIA,afro r&b
7LpYm2ci9GO30Q8fvQZ7tZ,아직도,Terry,0uf72fxnxE08DbNIHsxEwb,아직도,afro r&b
1D1M805zV8DwhYXsvJdQZx,Burning,Tems,687cZJR45JO7jhk1LHIbgq,Born in the Wild,afro r&b
2QdSb68BzZGMgCbsrFmSLc,Higher,Tems,687cZJR45JO7jhk1LHIbgq,For Broken Ears,afro r&b
6BteP1uOVCsGfA58E3L8Fu,990 (Feat. Kim Ximya),Beenzino,7IrDIIq3j04exsiF3Z7CPg,NOWITZKI,afro r&b
3A4cpTBPaIQdtPFb5JxtaX,Slow Jamz,Twista,6vbY3hOaCAhC7VjucswgdS,The College Dropout,afro r&b
08XWh5c0BMyD1nKVxxl91z,Fountains (with Tems),Drake,3TVXtAsR1Inumwj472S9r4,Certified Lover Boy,afro r&b
4bZWaYrrY1zss6l63MRmJp,Only You (feat. Leellamarz),CAMO,2YkhzcYyxJvtl5W6pY0PuF,Only You,afro r&b
2dFqK2ZkYB9Xc47gr3xXWl,Replay,Tems,687cZJR45JO7jhk1LHIbgq,If Orange Was A Place,afro r&b
1eDI5oU04SLsXl0TfxfwYf,Love Me JeJe,Tems,687cZJR45JO7jhk1LHIbgq,Born in the Wild,afro r&b
6DHo4zmhQ7f55hT2qhAEvI,rrr.. (feat. ShyboiiTobii),Kid Milli,7IWshUcKfJyDWrbiF2XT8J,rrr..,afro r&b
0xta6Gah3inmeHbj0e3F9a,Headshots (4r da Locals),Isaiah Rashad,6aaMZ3fcfLv4tEbmY7bjRM,The House Is Burning,afro r&b
7LfbBcmbCIG9u7fpV3x7DI,Geliyorum Yar,Ekin Uzunlar,35ngoeYRyOveM0rPvahkot,Geliyorum Yar,afro r&b
1jNapyyVxPB4X6gewQjEM8,What's Wrong,Rod Wave,45TgXXqMDdF8BkjA83OM7z,SoulFly (Deluxe Version),afro r&b
48ZHtSECQg0LISXnGrHSum,SYNTAGH,Kidd,1RqOmrtivmvKrfBO81j1ou,SYNTAGH,afro r&b
2Xr1dTzJee307rmrkt8c0g,love nwantiti (ah ah ah),CKay,048LktY5zMnakWq7PTtFrz,CKay The First,afrobeat
0IRVTamtRvHtft59MZ3jlU,Afrobeat,Afro Lofi Guy,4mmQa4fTJmJw06Jjw9IIVS,Afrobeat,afrobeat
6idDCtkAr9EdGEr5yHyp09,Afrobeat,FASSounds,4Zg0XlpXyAa4TJVSzVNfZF,Summer Tunes vol. 1,afrobeat
2cKS5pDWhlkZtgxOC7Zz38,afrobeat,Biquingo Beats,0cZtjlRjTCtIEkRxRg6arP,bella y la bestia one,afrobeat
0WtM2NBVQNNJLh6scP13H8,Calm Down (with Selena Gomez),Rema,46pWGuE3dSwY3bMMXGBvVS,Calm Down (with Selena Gomez),afrobeat
0pUQQoqfbGOia56m0ndFtR,Afrobeat,Valerio Vigliar,20sQDzbtRZUiQTwG46etxJ,Tilt,afrobeat
1lr3eme5yOQOAplN5IeDyn,Acrobat2,Gwangil Jo,49cCO8Hy5heGnXj9hb6KEW,Acrobat2,afrobeat
5E1bwFQDYXIHUhBqUXJXZb,Afrobeat,Royalty Free Music Background,6LMm3ERK7GZvN4bDrjgzIO,Afrobeat,afrobeat
4EGWRcWnB3uFjebmmscNzg,Afrobeat,Oneness Of Juju,4ALwsFQJ7K7X4CowneIqsc,African Rhythms,afrobeat
6XpEm7VJ7TZxZTawH8BCSW,Jump,Tyla,3SozjO3Lat463tQICI9LcE,TYLA,afrobeat
7qnxXGpxVq0VjYLMZJ19MY,AfroBeat,Baulander,5A4syKOkJD8whxPMG8GEmE,BauBeatzV2,afrobeat
4UDguq9kRecAxXZZl2kH1P,Body Go (with Tyla),MOLIY,2hVWBpjLW4Q7fboYz2pVYK,Body Go (with Tyla),afrobeat
71JDBR0qGP77kVSiYTDMlX,Afrobeat,DJ Pasta,0JaDPnZz3N35k62mYh2TL7,Dancefloor Jams,afrobeat
6hiZky0uqB9phJ2vg9PXDq,Attention - From F1® The Movie,Mr Eazi,4TAoP0f9OuWZUesao43xUW,Attention (From F1® The Movie),afrobeat
7axl6v0Yv4ksLVMt6XItpc,Truth or Dare,Tyla,3SozjO3Lat463tQICI9LcE,TYLA,afrobeat
4wazffZciwy0TBdwJTB3qf,Afrobeat,Tobías Rausch,7GO2tzekOkIB1v9f79rKBj,Afrobeat,afrobeat
6XaN4trfoMvRFEy8HoB4nC,Who’s Dat Girl,Ayra Starr,3ZpEKRjHaHANcpk10u6Ntq,Who’s Dat Girl,afrobeat
1s7oOCT8vauUh01PbJD6ps,Calm Down (with Selena Gomez),Rema,46pWGuE3dSwY3bMMXGBvVS,Rave & Roses Ultra,afrobeat
04yGQ4xzVt9LVAqop42ja6,Hot Body,Ayra Starr,3ZpEKRjHaHANcpk10u6Ntq,Hot Body,afrobeat
7mD6UISuxA2uqWAQh7oSjV,AJUSHI,Leellamarz,79g2STpP2iV1xfgHuhrhX0,SHOW ME THE MONEY 11 Episode 1,afrobeat
4OyIEPsYhemI866n2O8BHX,iPhone,NOWIMYOUNG,66LxteaHD7NvxCnkQoyw2G,iPhone,afrobeat
2ujhcp0eJBHuQLybfnPwDi,INDO,B-Free,5xHC23kCM6goKp7bDDXE3T,Free Hukky Shibaseki & the God Sun Symphony Group : Odyssey.1,afrobeat
77ILSQGJhqDVOfeWdtEexk,BOLO (feat. YDG),PENOMECO,1MAUqH0haKBYbjpknTfreY,Organic,afrobeats
0ve0CavjqrUqVmZ605RhTV,Jump,Tyla,3SozjO3Lat463tQICI9LcE,Jump,afrobeats
0AkdUcE2U1mspkA83fpQTN,Afrobeats,Ruff-N-Smooth,4KSIIR6dY7MPuq5WRWfS56,Singles Collection,afrobeats
2ImgTWaL4nk9j8ZFl3lQ1c,Afrobeats,Kelvyn Boy,5Oq2X3BjCbFKPex2GVSDpy,Afrobeats,afrobeats
2N8trIcLgYSbCEWZxe65Ea,Afro Beats (Date),Top 10 Entertainment,21HFAir3GjJ39H727DF39y,Afro Beats (Date),afrobeats
5sjuPu1wyt0n5hybW07RyQ,Attention,Mr Eazi,4TAoP0f9OuWZUesao43xUW,F1 The Album,afrobeats
4CljUDO1I5hpKjwSNK6RWY,Water - Remix,Tyla,3SozjO3Lat463tQICI9LcE,Water (Remix),afrobeats
44UfMwkZiJICYLxCOfdIUw,AfroBeat 2026,Freebeats,5vBKNe42AE2CPYPFam91U3,AfroBeat 2026,afrobeats
1XoSxbGeItsxcv5RCMWucE,Afro Jazz,фрози,3IIpbS5XHnLSdXTP4c1YN2,Afro Jazz,afrobeats
7axVhEmNFXW0Y3Wkb9mUDX,DYNAMITE,Tyla,3SozjO3Lat463tQICI9LcE,WWP,afrobeats
5pAbCxt9e3f81lOmjIXwzd,Be Honest (feat. Burna Boy),Jorja Smith,1CoZyIx7UvdxT5c8UkMzHd,Be Honest (feat. Burna Boy),afrobeats
4zMoZEkWSHb5NXuflbLHNI,Memories,Lojay,3ONGmday8YN8AkbsRk01iL,XOXO,afrobeats
0pFUILRyaczcCLDyKs4w0v,afrobeat guitar,hobytiticow,7bWFVEN0YSFamVpOL08CiY,afrobeat guitar,afrobeats
3z4CGd63tpUn9a6oQSG0CI,Location (feat. Burna Boy),Dave,6Ip8FS7vWT1uKkJSweANQK,PSYCHODRAMA,afrobeats
0KF0MCARBxrMC0C2IHPsjh,Afro Beat Tropical/Acustica,Arfefn,5pSzXxjPzYcZe9hjgE5w8X,Afro Beat Tropical/Acustica,afrobeats
7iCvoWlfuJ1y7zibnh1EW9,TaTaTa (feat. Travis Scott),Burna Boy,3wcj11K77LjEY1PkEazffa,TaTaTa (feat. Travis Scott),afrobeats
4iJbbyFhjU1l5xeGOXhEM8,This Afrobeat,Ugo,5MQCUna5yiiqAw3h3STlAC,Afro Steriods,afrobeats
6RJdYpFQwLyNfDc5FbjkgV,Stricken,Disturbed,3TOqt5oJwL9BE2NG9MEwDa,Ten Thousand Fists,alternative metal
7MOQrtXMNImAq5TrPZzC0w,Gunslinger,Avenged Sevenfold,0nmQIMXWTXfhgOBdNzhGOs,Avenged Sevenfold,alternative metal
7rKsjRjsvuglZXPJoinJoM,얼터너티브 록,HOYO-MiX,2YvlK6lKiKVjXxsjvNbnqg,붕괴: 스타레일 - 통제 불능 (Original Game Soundtrack),alternative metal
6i5qhmmF9UNUBRyrPSGn4m,Two Faced,Linkin Park,6XyY86QOPPrYVGvF9ch6wz,From Zero,alternative metal
6v7lSNg4DnQHSHacDr6gT6,Shapeshift,Dayseeker,5FjQVp1Lb0kltmwIuu5kfj,Creature In The Black Night,alternative metal
0pwObEOHolQZSldJ2q1wpy,Stinkfist,TOOL,2yEwvVSSSUkcLeSTNyHKh8,Ænima,alternative metal
5vVKkF3xih38Vcoo4HgAo8,Engine No. 9,Deftones,6Ghvu1VvMGScGpOUJBAHNH,Adrenaline,alternative metal
1gclRcTMbwL4QL01f08ndf,alternative suicide,trip,6VX9wbWdT1ltZROpMOctL6,alternative suicide,alternative metal
18lR4BzEs7e3qzc0KVkTpU,What I've Done,Linkin Park,6XyY86QOPPrYVGvF9ch6wz,Minutes to Midnight,alternative metal
0Qrb3L8JgreLBW8g4qyan9,Back to School (Mini Maggit),Deftones,6Ghvu1VvMGScGpOUJBAHNH,White Pony,alternative metal
5ZjdRMZra65JzPbddxvgzK,Alternative Work,Kronotrap,6QkDJO4X7S4QIN0JRooG0X,Trap Industry,alternative metal
650OeHTLxZAQmb4aEbGmaA,Good Goodbye (feat. Pusha T and Stormzy),Linkin Park,6XyY86QOPPrYVGvF9ch6wz,One More Light,alternative metal
5IXL71UnulglAsz8JvIN0k,Lies,Korn,3RNrq3jvMZxD9ZyoOZbQOD,Korn,alternative metal
0Cnx6PGogxIE2RnDcnoeK8,Ticks & Leeches,TOOL,2yEwvVSSSUkcLeSTNyHKh8,Lateralus,alternative metal
3vcVDD95fKJkBwlwJ0pNnQ,Prosthetics,Slipknot,05fG473iIaoy82BF1aGhL8,Slipknot,alternative metal
5qNr7GnEmD3zA2oQTAdI3a,Street Carp,Deftones,6Ghvu1VvMGScGpOUJBAHNH,White Pony,alternative metal
4m8wPzkI1y0sUdqEh4A7fq,Kimdracula,Deftones,6Ghvu1VvMGScGpOUJBAHNH,Saturday Night Wrist,alternative metal
3fjmSxt0PskST13CSdBUFx,Somewhere I Belong,Linkin Park,6XyY86QOPPrYVGvF9ch6wz,Meteora (Bonus Edition),alternative metal
56yx0cBjAplParcA4jfNeA,이수,Kim Kyung Ho,15Tra1ytu0naoNByIhZArl,00:00 1998 Kyung Ho Kim,alternative metal
4Yf5bqU3NK4kNOypcrLYwU,Faint,Linkin Park,6XyY86QOPPrYVGvF9ch6wz,Meteora,alternative metal
3K4HG9evC7dg3N0R9cYqk4,One Step Closer,Linkin Park,6XyY86QOPPrYVGvF9ch6wz,Hybrid Theory (Bonus Edition),alternative metal
5fxt2afoPXrHop4DEi4PEN,Are You Really Okay?,Sleep Token,2n2RSaZqBuUUukhbLlpnE6,Take Me Back To Eden,alternative metal
3UFg7GhDJtIZtpxbYMAlsJ,탈출,김경호,25Qd17778cR6eX2fnHBfig,와인,alternative metal
71qwAwbRZhwv22jSe7SUxG,Pagani,Choi Seong,762fgqQ2gz5w7q1VkDOmja,PAGAN,alternative metal
0S6zCcxgLmOc5NS9jepnwe,사도,Viridian,2MVPrcOj4ge1b3Ym9jkAPu,사도,alternative metal
4UElUOsLVPHoOQg7UEAXiQ,Drive Me Crazy,Myles Lloyd,3OgXv5i2hFt93vxZ8iVLcc,Drive Me Crazy,alternative r&b
4NFD9ea0uH0MtoC30yNYE1,West Coast Love,Emotional Oranges,12trz2INGglrKMzLmg0y2C,The Juice: Vol. II,alternative r&b
6XOwX1dEzysUrWRbJjJVta,Root of all Evil,Daniel Caesar,20wkVLutqVOYrc0kxFs7rA,Son Of Spergy,alternative r&b
4Nw7kywWurWS6ceinn1cHK,Baby Powder,Jenevieve,0dUYLC7DLjeS8gIh8cz2Pq,Division,alternative r&b
5PryNzGIN1LO6dBD9I0dkH,Have A Baby (With Me),Daniel Caesar,20wkVLutqVOYrc0kxFs7rA,Son Of Spergy,alternative r&b
1QWxSUyWb0Lky2UV87vBfT,Call On Me,Daniel Caesar,20wkVLutqVOYrc0kxFs7rA,Son Of Spergy,alternative r&b
0NZKfcua68wuZePhjp8N2I,Root of all Evil,Daniel Caesar,20wkVLutqVOYrc0kxFs7rA,Son Of Spergy,alternative r&b
2SeynaXh3RsTyun1DitBgd,Root of all Evil,Daniel Caesar,20wkVLutqVOYrc0kxFs7rA,Son Of Spergy,alternative r&b
4WFgvKVfEhb3IUAFGrutTR,Love Me Not,Ravyn Lenae,5RTLRtXjbXI2lSXc6jxlAz,Bird's Eye,alternative r&b
5t5ARYAaHrPA1pto1qdeuA,Mer,HYUKOH,57okaLdCtv3nVBSn5otJkp,22,alternative r&b
5t1lbqSuaLuQlBb77gueS3,날개 (feat. 알트),Skyminhyuk,1SHIOlNm9pVZ7EzO9322AM,그랜드라인2,alternative r&b
3sorzX4eiqE4rHPjVzVAqk,？!. (Feat. DJ Pumkin),Jazzyfact,7l9DszIMmxbcc24RJwqJY8,Lifes Like,alternative r&b
07K7hpdF7tJuXGz45eJJLO,Vibra,Jazzyfact,7l9DszIMmxbcc24RJwqJY8,Lifes Like,alternative r&b
16cZX6b3dGidrCn3VLD17J,Adult,GIRIBOY,2MtHuR0W2idZdF7x4wddqq,Sexual Perceptions,alternative r&b
383QXk8nb2YrARMUwDdjQS,Psycho,Muse,12Chz98pHFMPJEknJQMWvI,Drones,alternative rock
7bXvOMQ3UrcTS1dO9Ppzsg,Sober Up (feat. Rivers Cuomo),AJR,6s22t5Y3prQHyaHWUN1R1C,The Click,alternative rock
5XpJOQgVEuM1FzgeGXzUvk,Butterflies & Hurricanes,Muse,12Chz98pHFMPJEknJQMWvI,Absolution,alternative rock
6Bm6qUCSatPAqkQllFL7oA,Unwell,Matchbox Twenty,3Ngh2zDBRPEriyxQDAMKd1,More Than You Think You Are,alternative rock
0hDQV9X1Da5JrwhK8gu86p,Maps,Yeah Yeah Yeahs,3TNt4aUIxgfy9aoaft5Jj2,Fever To Tell (Deluxe Remastered),alternative rock
6xq3Bd7MvZVa7pda9tC4MW,The Handler,Muse,12Chz98pHFMPJEknJQMWvI,Drones,alternative rock
7brQHA2CgQpcMBiOlfiXYb,Afraid,The Neighbourhood,77SW9BnxLY8rJ0RciFqkHh,I Love You.,alternative rock
4AIazttPmHpd7p7pwJw692,Neutron Star Collision (Love Is Forever) - Soundtrack Version,Muse,12Chz98pHFMPJEknJQMWvI,Neutron Star Collision [Love Is Forever],alternative rock
1sTsuZTdANkiFd7T34H3nb,Human,The Killers,0C0XlULifJtAgn6ZNCW2eu,Day & Age (Bonus Tracks),alternative rock
2mPMFJvQ0v27gVqe5b6nDn,Hash Pipe,Weezer,3jOstUTkEu2JkjvRdBA5Gu,Weezer,alternative rock
2LMloFiV7DHpBhITOaBSam,Hard To Explain,The Strokes,0epOFNiUfyON9EYx7Tpr6V,Is This It,alternative rock
4ZAaBLUyN4Hu7AL4lANmiw,no cell phones in rehab,mgk,6TIYQ3jFPwQSRmorSezPxX,Tickets To My Downfall (All Access),alternative rock
5mzZhMxXN283EJq6b4aZbO,Blue Rock,IT’S,6lESE9VeLV05vQBw8TB4YA,Narcissus,alternative rock
4fT7gfr7zYD0V6E1IfFJFG,미로,Electriceels,0srGDil29MFy5x8asXqmfK,Fluke,alternative rock
2cmLUFTFzzXmzJYuEAlt4Y,N/A,THE SOLUTIONS,5fwYrHN92VR90PJQ11ybJ8,N/A,alternative rock
3gy21TwRSP40aUMwcY7Rtq,Navigating,Twenty One Pilots,3YQKmKGau1PzlVlkL1iodx,Clancy,alternative rock
604HVVhodgrb5jLNbjgwMW,로얄 블루,250,0ePKWgwmESq5970Hq1c3yE,뽕,alternative rock
3w3ECZasUPWY3sUNt1USkl,Wa;volution,UmYull,1tzfeTq8ILjds06XDsB7S8,Wa;volution,alternative rock
1rzeMKJuCnjQA4TpFjzkbD,적도,Electriceels,0srGDil29MFy5x8asXqmfK,Fluke,alternative rock
5WYgNDkw0VsDIZwfwQWlXp,Shine,Band Nah,5td0g0Owd8ZYu7SVb6f9xh,Shine,alternative rock
0u7mqw0JiK3AVL3lOtzgxM,Addiction,TOUCHED,5jgIm8tZ4hqLeoHTo9wJIV,Addiction,alternative rock
3LwcrhfpSIoKYqT4c6CcC5,DETOX,SURL,7owveHzN1hmQuw6Ojg4sI3,XYRUP,alternative rock
6wSHdHv45XrWyKAu0UDQEA,No More Rock ′n′ Roll,UmYull,1tzfeTq8ILjds06XDsB7S8,Wishes of The Youth,alternative rock
4lL9vNnwOvqopBxxFZMnza,BABY,bongjeingan,3zyq3DzSd4aue9Q7s1qMVu,12 Languages,alternative rock
1SJSqkAmxq54Mdq5uGFe9H,Blue Skies,Silent Partner,5vohnAtuns5WyGZMTiWxcd,Blue Skies,alté
0Ms6RihvnG0JZAV6JzOL6Q,Sugar Zone,Kandré Joe,1JpMOPaEb54xKe8W85uqil,Sugar Zone,alté
2xaaJcmvMOmpDbTwlWnjFh,Alter Ego (with JT),Doechii,4E2rKHVDssGJm2SCDOMMJB,Alter Ego (with JT),alté
1iRN7RkUXfKCvWozfIb5DA,How It Began,Silent Partner,5vohnAtuns5WyGZMTiWxcd,How It Began,alté
4Xzd7RM4TIowUCwhdDyeY5,Splashing Around,David Scott,5mYO9kzM7XbOTUL74Bh6ea,"Nursery Rhymes: 50 Fun and Educational Songs for Your Babies, Toddlers or Childen",alté
1K4iAuwC7o6O2mAb5CqzZn,ALTER EGO,Yuta Imai,3sMoBcuGm33knrJxEoJY5k,ALTER EGO,alté
6HIonnU19151SzWPZlsVet,Alternative Outro - Slowed,Chill & Study,1hj6efFunktwXk8ocvrw5k,Alternative Outro (Slowed),alté
6nyOC3q9jeVIMorV7kyTao,Claudio the Worm,David Scott,5mYO9kzM7XbOTUL74Bh6ea,"Nursery Rhymes: 50 Fun and Educational Songs for Your Babies, Toddlers or Childen",alté
039QLi2SBmED9egDbALXWn,ALTERNATE,southwestplaya,0KPe263JaUIXZwnGbdfKvp,ALTERNATE,alté
2ViqoRq2nYgKKdCM3msgM4,Alternate,Yotam Ben Horin,4RNK7RtKxBIalLG6QZo6Dj,Free Spirit Forever,alté
0jltWoDRgudoczX2K7nEZi,Rainy Day Games,David Scott,5mYO9kzM7XbOTUL74Bh6ea,"Nursery Rhymes: 50 Fun and Educational Songs for Your Babies, Toddlers or Childen",alté
0ZFQxmNIOj03o7OMaiPcVX,Alternative Outro,LUCKI,5tQMB0cuNXdCtzovGt55uD,Alternative Trap,alté
0KDHIZn2go4pO5wXtGAKn2,Alter Ego (Precious Remix)[with JT],Doechii,4E2rKHVDssGJm2SCDOMMJB,Alter Ego (Swamp Mix),alté
34d69xsnWH7xGGezyiIQxg,Alter Ego (KAYTRANADA Remix)[with JT],Doechii,4E2rKHVDssGJm2SCDOMMJB,Alter Ego (Swamp Mix),alté
4wuu0v0TsGf22iYAgIcKlb,Altered State Of Mind,Milmine,2iVOfs3JWS5AuzCZoCJuiz,So Long And Thanks,alté
0h2TyvRWCjBfPPYfeXl4EQ,No Friends (feat. ILOVEMAKONNEN & K Camp),Chase Atlantic,7cYEt1pqMgXJdq00hAwVpT,Part Three,alté
3UULkHdmLDqBDPmBYltoRE,Metalingus,Alter Bridge,4DWX7u8BV0vZIQSpJQQDWU,One Day Remains,alté
7KNmIjcmGJIBrhP2s5Vioe,Born Again (feat. Doja Cat & RAYE),LISA,5L1lO4eRHmJ7a0Q6csE5cT,Alter Ego,alté
4lABNfBOlSlqJxfuZzyfQK,Have A Baby (With Me),Daniel Caesar,20wkVLutqVOYrc0kxFs7rA,Son Of Spergy,alté
1YgIvHDTvi1vosins1jyAC,Amapiano,Asake,3a1tBryiczPAZpgoZN9Rzg,Work Of Art,amapiano
3u7h0wXsKlsKdEY7ibXbAu,Angel Numbers Amapiano,Chquan,6OFJvyz9Cnk1cHyHJXOiKw,Angel Numbers Amapiano,amapiano
3GMdp6clyAh7wZWVYOtoS9,Amapiano,Asake,3a1tBryiczPAZpgoZN9Rzg,Amapiano,amapiano
64icE0WfysRVs1fqSfOwuf,GTAmapiano (GTA Amapiano),Jaydon Lewis,6n6eA9x4MjOENHu6NgumKu,GTAmapiano (GTA Amapiano),amapiano
5wYyy08pvNomxBKFa3Bfj6,"ZENZELE (feat. Royal MusiQ, Uncool MC, Xduppy, & CowBoii)",Uncle Waffles,68McnNC9twEtiynOAJRRgZ,4 Da Ho's,amapiano
08lZWu8j7uF46DVlKLlwlv,Amapiano,Zord,0ctSojEsLUmbLLbi7zlUn3,Amapiano,amapiano
0KFFPWVagGjTVE1xXsKDQp,Amapiano,Cleyton David,6SjhlmHzqfTKSChQ1k8lzq,Raridade,amapiano
0JdiJIOeBBodxtNTpkg81N,Amapiano,Emocian'Beat,1Rbo8U7rAlu1u89Dm66ApF,Amapiano,amapiano
1t9z8ozA4noc8DronrCjLQ,Amapiano,Paso Doble,3UcGeZb5ji86oAC34FtYtp,Africa Knows Who I Am,amapiano
7bBzaEDcgdixKCeDIiRi0p,Amapiano,jahmiel,1pcKqVZ7T90mJ2rKo9XWYV,Nirvana,amapiano
2z60RVEofBElkJi3jlBaV8,Amapiano Force,Gospel Wills,41LRL6GwikpOFVPAcCBDGr,Amapiano Force,amapiano
4ZTLhmB3smJy6akT8Kl6sF,Amapiano,Baba Levo,4YiACmPbVTGmJWIhvolirO,Amapiano,amapiano
7BEpDdM1f2SLRtVEDfUtH2,Amapiano,ZuhAgaina,0oR19R34x4aMH8unjR3U9k,Amapiano,amapiano
1A6rKkkhjfL5ZxtyhdDq84,AMAPIANO,Yend,1ETAICxy3MJuIEmS8YWL4s,SOLILOQUY: TOME 2,amapiano
4QDP7YI0RqaepMvWexvMt2,Amapiano 2025 Mixtape 0.3,DJ 2EFFECTS,7FEfzQpzN0T2mAI8lRi6sL,Amapiano 2025 Mixtape 0.3,amapiano
2zqEsH7mM1EFJzcIEcxdgZ,Amapiano,Alorman,3OelS3yY60GFusvCkaFJv8,Amapiano,amapiano
0bTi4uL3D3iYAfGxhRqmYo,Amapiano,Visivo Radio,5XuuZQqiKbE8VBeSMaAnxK,SUN BLOOM,amapiano
62auSQwzIlyVuqUsxd4w63,"Abantwana Bakho (feat. Thatohatsi, Young Stunna & Nkosazana Daughter)",DJ Maphorisa,0mMqD2uqwvCjFvlzo6ayGi,NGOMOYA,amapiano
2zyI3uTRFFO8MCSO81RiPY,LAST MOVE (Prod. JP),Shyboiitobii,1dWnMziLbosnKyEUDuzzoJ,RAP:PUBLIC FINAL,amapiano
3YDuuc8zxwDHVNCeLHRKms,Radio,Beenzino,7IrDIIq3j04exsiF3Z7CPg,NOWITZKI,amapiano
1bwwmGtb5hbHAiWppuCHcD,Lano,Agwi,3bXcdC2hJB7WA9AZJTDxwj,Lano,amapiano
1otkkrfHaP64XlGcZEj6cI,vonoff flow,GGM Kimbo,6bOmh7MQ7xtlCFE6YTFMak,vonoff flow,amapiano
6i3wGaPawYukCC1CETD2Vh,"DJ POOL, DON’T STOP",Sik-K,5DIi2JWfQPTKffaVBlIYRn,KC2.5,amapiano
6FwA9E4uOQp6TSTUK0dBrV,Yara,Ghvstclub,3xZZnLrFVGNdJh0CMoBcwy,Misfits,amapiano
1LOq9dhGdooVe9KwNFDwuA,ambient resonance,Lonely Lies,4Bv8nfuBV3hv0yVXXgYozl,ambient resonance,ambient
3SsFgvT5api7ZGBP4FcMX0,Ambient,331Music,2fAAEqIS8u1gCAvy103Vtv,Royalty Free Background Music,ambient
1EcReGfESece5aPkprId13,i could be the one - Ambient,Inan,4oI5YoRw5Brc56oaK0JYAG,i could be the one (Ambient),ambient
6vNuyohxSW9rChRMpzIbA2,ambient resonance - slowed,Lonely Lies,4Bv8nfuBV3hv0yVXXgYozl,ambient resonance,ambient
3bCmDqflFBHijgJfvtqev5,1/1 - Remastered 2004,Brian Eno,7MSUfLeTdDEoZiJPDSBXgi,Ambient 1: Music For Airports (Remastered 2004),ambient
72a5gVOI8viG16Y2vmHBQ4,432 Hz Ambient Relaxation,Miracle Tones,4rXABp4A7KjG9elWFNAbO4,432 Hz Deep Sleep,ambient
3D66U1iMeZX970rK6SAo5u,Ambient,A Big Enough Sky,2LDNwWVAiG9sHeT3nn16uF,Glimpse of Us,ambient
0Pg0frSTti7d8Ck1OmOYkz,#20,Aphex Twin,6kBDZFXuLrZgHnvmPu9NsG,Selected Ambient Works Volume II,ambient
7glKwbR1DyuIuE6XvZvJbQ,#3,Aphex Twin,6kBDZFXuLrZgHnvmPu9NsG,Selected Ambient Works Volume II,ambient
3lBsPAf54RoDSYRJDFu77J,Ambient,Ahoy,3kHSXRs8lTQUKYS47zebIj,Iconic Arms EP,ambient
713EkYxMqJOn6ap06QFRcw,Ambient,hopping rabbit,5JQTqBnyp3c7umLB88RXSh,hopping rabbit,ambient
23dz3xObUUaRVBJHpU8FJz,Ambient,Maja Wójcik,0K4fzKS5jyFt9Z87VhpBTk,Muzyka Relaksacyjna dla Dzieci,ambient
1Peej3gwOe8MpNO1f4lhQs,Ambient,6YNTHMANE,24YUNOEuu3kf4OOtC8cQE5,Ambient,ambient
3aYlpdjI4wOVLUdGVmGfjG,Ambient,Wolf Schranze,4MtvBs0l4svT0L3QQLwPMM,Liquify,ambient
3UUmTCQoJEp9jesSbqMDCu,Ambient,Toneloom,0BzzSj0AjZ9sErERsOr8aD,Violin,ambient
4g6Vw8odUtPpxCQqpZwfGR,Ambient Rain Noise,Dark Focus,2njHaC9RSwt6ySM3HgGgfB,Ambient Nature Noise,ambient
628dO7vyGZ7d6G5n6JvobL,Ambient,"千葉""""naotyu-""""直樹",41lkYjY9CYtCQzGLUFl00m,「マギアレコード 魔法少女まどか☆マギカ外伝」 Music Collection 2,ambient
6CvRhqgufOLoYhujaZoxSt,Ambient Brown 150 Hz Soft Q,Ambient Eclipse,5kfu1YGIiPo81N6z7ipvOB,Focus Freq.,ambient
0AQh9SJCtUGfYHxzAY9tuP,Ambient,Don Carlos,5WF9UkgNk1JGU2C76UayUq,Mediterraneo (Club Favourites Collection '90/98),ambient
7ohOcA3cRCPLqNmjrDzFZn,Ambient Focus,Relaxing Music for Stress Relief,0dUAmhoKaryMpSVRlXCwQL,Release Point,ambient
01MV13Hg9sfFNtgcMidjgE,Focus On Noise,Hovar,3COnOYhmr8nINwgd54Z8wj,Lean Noise,ambient
6IpA6AJYxYi2rViFWWidXw,Gloaming,Calil,0wZ9TiIXE76xXjZUUbVmN7,Gloaming,ambient
720cFmiRJj0brle3kQ7nHH,Dreams From Bunker Hill,Cigarettes After Sex,1QAJqy2dA3ihHBFIHRphZj,X's,ambient
7JQ9HVSVwp3AbC8JP9WRbK,Ambient Reflections,LO FI BEATS,1HbPF37QCp6ZOKN0PEtjoW,Crystal Beats: Chill Lofi Music,ambient
6qYXYbHmNhkoWsvfSPWgTc,ambience ambien,Full Kill,4qkMttEnRPtb5Gk1nt19Kz,SPIT,ambient
20IS5seqBWbguN2cFrIqBJ,Ambient Folk,Blanched Coal,1HFcGTjgHnKILERdimlfUO,Murmur,ambient folk
3UET5nqq4Noi4hlNa4L0xt,Man of Mine,Georgi Krastev,16v2ZYiOULdGuzZkhTnAhK,Man of Mine,ambient folk
0EFZihyuzAKHCozChCS9c7,old folk house,Kan Sano,5b3ZFm6P1lpZIASMDnBDs9,old folk house,ambient folk
5zIr2RENOpIa06TcY2dojn,Viento,Ajeet,3sBtKwaTveANiltp7XgBLU,Viento,ambient folk
57jMka3MGAQLDH2aT4tdse,Taper,Hilary Woods,4S05GVttpg3rjOte0SX749,Taper,ambient folk
10ZqZOxq7uLn8hEOzvN6ZK,Past It,Keaton Henson,6GFfu1alUSrL7qazImC160,Past It / Loose Ends,ambient folk
2MTZjX6nfGpXu0tR1AOVou,Homesick,Kings of Convenience,41AbNVba2ccpmcc9QtOJE7,Riot On An Empty Street,ambient folk
3zGdsvLKJveo3u1WinRJKK,Thought Therein,Lowswimmer,7FW2qwsY0zLV9GppWatQ5P,World Over,ambient folk
5eG8QuQKOBvDeCyoOeMkhT,Alps,Novo Amor,0rZp7G3gIH6WkyeXbrZnGi,Alps,ambient folk
1JlUE6inh6wnzCpuZGE1yB,Eleven Years,White Latex,5Ne2cH95chM7wgjsqPn0vM,Eleven Years,ambient folk
77IwPfYgetVTqvF1CBoNO9,나무들 사이의 조화,평화나무,2qzuJMoDMDYWHKeZOR0Bbf,마음이 편안해지는 명상 음악,ambient folk
7rIhp6EWLNtM8qFIQruJPT,Wash.,Bon Iver,4LEiUm1SRbFMgfqnQTwUbQ,"Bon Iver, Bon Iver",ambient folk
6VPbvxRvlrkbjZMmJ6Khvu,숲,Towner & Town Chief,3Qm5uwdUYz6Bz64XOqsiYD,시인과 촌장 3집 (숲),ambient folk
6EK3ncKqMAkcSUaHLZ8kTN,"백월 (白月, Backing Track)",Composer K,2vkMeWeHqstoslhFR9H1n5,백월 (白月),ambient folk
1pm7U6ejqed66OHrp8hduk,Callie Rose,Jake Xerxes Fussell,40iG1d2wC4KdBLb8wXNq33,Daybreakers / Callie Rose,ambient folk
4INBueRRIjliP4ldVcd6Bd,Digital Geometry,Scott Orr,12vInSu21rqLXfH6QKTLl1,Digital Geometry,ambient folk
2unhwFru9sVt2EfuJfnwU7,Hiraeth,Sofie Birch,6kEyGr2dFnzcKGxpHmnJnn,Hiraeth,ambient folk
1HEtk4XExGypI6tfRqJsjw,때,Towner & Town Chief,3Qm5uwdUYz6Bz64XOqsiYD,시인과 촌장 3집 (숲),ambient folk
7yOZbrZSMo1ZAGwpaOeH1E,Another Way,Christian Forshaw,3hb2rYbbTMlvmd42CCH3kJ,Another Way,ambient folk
6q3gL2QyWA7P8kEVSXoP9u,푸른 바람 속으로,평화나무,2qzuJMoDMDYWHKeZOR0Bbf,조용히 흐르는 시간,ambient folk
37iTe8V28oEDeNuXKgIdez,맑은 하늘,평화나무,2qzuJMoDMDYWHKeZOR0Bbf,나무 사이로 걷다,ambient folk
0dMYAnaq8K6UlQLJXqoZGV,푸른 돛,Towner & Town Chief,3Qm5uwdUYz6Bz64XOqsiYD,푸른 돛,ambient folk
3yTF5QydbILw4WhUWcHuti,평화로운 저녁,평화나무,2qzuJMoDMDYWHKeZOR0Bbf,나무 사이로 걷다,ambient folk
1WAc382EKkLT485zOJ1N75,잔잔한 여운,평화나무,2qzuJMoDMDYWHKeZOR0Bbf,조용히 흐르는 시간,ambient folk
7cM8f2SInmRspLGswmFmWV,Open Lungs,Message To Bears,6MmQrV24zUeieNf027zkh3,"Tired Eyes, Waking Hearts",ambient folk
59hVbgr8rfYkDbHfr8RcGI,IRIS OUT,Kenshi Yonezu,1snhtMLeb2DYoMOcVbb8iB,IRIS OUT,anime
7v8wKvNQQIxkugCFFjrkaO,残響散歌,Aimer,0bAsR2unSRpn6BQPEnNlZm,残響散歌,anime
1nysdCpKAh6yif4JkmoiNy,カーテンコール,Yuuri,0ixzjrK1wkN2zWBXt3VW3W,カーテンコール,anime
57zxteL8GBwVngmhZ0K8Ze,Anime Seasons,Dead Rave,25NUItPbyvsjK30D30JuqI,"Eternal Senpai Era Compilation, Vol. 2",anime
1zd35Y44Blc1CwwVbW3Qnk,群青,YOASOBI,64tJ2EAv1R6UaZqc4iOCyj,THE BOOK,anime
2OhStQJiQ1CFGvCZKMaItL,残酷な夜に輝け - Shine in the Cruel Night,LiSA,0blbVefuxOGltDBa00dspv,残酷な夜に輝け - Shine in the Cruel Night,anime
1oFqKeepmT5S8BCGqJl7Ar,革命道中 - On The Way,AiNA THE END,5k7KS34gxQbzdQaXWSOVKC,革命道中 - On The Way,anime
6woV8uWxn7rcLZxJKYruS1,Hai Yorokonde,Kocchi no Kento,3qQKrWwcqJlE4OS4e1ox7x,Hai Yorokonde,anime
6y4GYuZszeXNOXuBFsJlos,Kaikai Kitan,Eve,58oPVy7oihAEXE0Ott6JOf,Kaikai Kitan / Ao No Waltz,anime
5QseXDzPvtjdeaWNhYbm0m,Haru wo Tsugeru,yama,7kOrrFIBIBc8uCu2zbxbLv,Haru wo Tsugeru,anime
2wLLcSdMa5NjG0TzqtbuaB,Anime,Greg Maroney,13CLZBR9RbwxLXRyh5m3MC,The Journey,anime
04TshWXkhV1qkqHzf31Hn6,Lemon,Kenshi Yonezu,1snhtMLeb2DYoMOcVbb8iB,STRAY SHEEP,anime
2qS3PkIYZXsqnBZEzaGnpJ,Anime,Magiksolo,0usfVwzr87kV9NKoVobC6R,Anime,anime
3vX7rea6Mi4mBDRCcpJGv7,"Akaza's Theme - 猗窩座の過去 (From ""Demon Slayer"") Piano",Anime Pro,5IEia4rJAPltpkjXVwf613,"Akaza's Theme - 猗窩座の過去 (From ""Demon Slayer"") Piano",anime
0Et5LennQBo7aPBdmAyy4b,ANIME,LUCKY TAPES,7tyrh2CwSnilzMD8olQxcx,ANIME,anime
1kMlcLyljkrShV0LSdSGBz,Yesterday,OFFICIAL HIGE DANDISM,5Vo1hnCRmCM6M4thZCInCj,Traveler,anime
4Q5Mitg761uwOGtCd7Slpl,ANIME,JOY.,2sphpXGg1u97VSzbm5gR2P,ANIME,anime
2vJjUXJlquNXXGjKiDiSwI,Anime Thighs,MC Virgins,3iNL7rw7fpmysjZvhB8vi7,Anime Thighs,anime
3c4u0cwFV02qq78RzOZWXB,Anime Janai ～ Yume wo Wasureta Furui Chikyujin-yo,Masahito Arai,6SSYiSSaA0SedMsVpH5GwM,Anime Janai ～ Yume wo Wasureta Furui Chikyujin-yo,anime
3yyFNFV2MQIQ4M6Rj88Eru,Anime,Mari Ferrari,6WEmnL6VvRN4QKUqq9dZHs,Anime,anime
0Ohu5EzvKzHFFQSmYpe5Sm,ANIME PHONK,†SPIDER†,2KT5aq4yXYMC8UYMNHl8Ef,ANIME PHONK,anime
4Kk7YskQDdYNzcZANtOZ7V,ANIME,Sailor Goon,1FZj2HbeTP7F5xOqIrPKKZ,ANIME,anime
2FJW554Q1d5pzpKXCYcITr,Sexy Anime Girls!!!,K!d W!cked,6oyFvEnjh1K618P0ypWdGG,Sexy Anime Girls!!!,anime
5h5nuAZnJFEaiAuSoMBOv2,Anime,Negative XP,6GDYGPbleLhFKnmK4TYhQ7,Gamer 2,anime
47jlMsfYFqvrNScJ0JuMl1,"Platinum Disco (from ""Nisemonogatari"") - English Cover",Lizz Robinett,47SKKz21c5Zd3Fh8u8pMvP,"Platinum Disco (from ""Nisemonogatari"")",anime
2fuYa3Lx06QQJAm0MjztKr,Let Down,Radiohead,4Z8W4fKeB5YxbusRsdQVPb,OK Computer,art rock
2KylN9C0wNbzLgZNTG9oiU,when you sleep,my bloody valentine,3G3Gdm0ZRAOxLrbyjfhii5,loveless,art rock
0pQskrTITgmCMyr85tb9qq,Starman - 2012 Remaster,David Bowie,0oSGxfWSnnOXhD2fKuz2Gy,The Rise and Fall of Ziggy Stardust and the Spiders from Mars (2012 Remaster),art rock
2TjdnqlpwOjhijHCwHCP2d,The Great Gig in the Sky,Pink Floyd,0k17h0D3J5VfsdmQ1iZtE9,The Dark Side of the Moon,art rock
0z1o5L7HJx562xZSATcIpY,Exit Music (For A Film),Radiohead,4Z8W4fKeB5YxbusRsdQVPb,OK Computer,art rock
2kRFrWaLWiKq48YYVdGcm8,Everything In Its Right Place,Radiohead,4Z8W4fKeB5YxbusRsdQVPb,Kid A,art rock
2hrUO4drrO63i7FYbCLBl2,Rockabye (feat. Sean Paul & Anne-Marie),Clean Bandit,6MDME20pz9RveH9rEXvrOM,What Is Love? (Deluxe Edition),art rock
5Qv2Nby1xTr9pQyjkrc94J,All I Need,Radiohead,4Z8W4fKeB5YxbusRsdQVPb,In Rainbows,art rock
7Jzw6ZqrFefr5KlrQzgGJr,artsick,tricot,5IKKS7LhpdlmMwqIagqf3f,T H E,art rock
6LgJvl0Xdtc73RJ1mmpotq,Paranoid Android,Radiohead,4Z8W4fKeB5YxbusRsdQVPb,OK Computer,art rock
1tZcw7GtIqviL32bzaKdSo,(Nice Dream),Radiohead,4Z8W4fKeB5YxbusRsdQVPb,The Bends,art rock
35YyxFpE0ZTOoqFx5bADW8,Nude,Radiohead,4Z8W4fKeB5YxbusRsdQVPb,In Rainbows,art rock
0jyikFM0Umv0KlnrOEKtTG,My Iron Lung,Radiohead,4Z8W4fKeB5YxbusRsdQVPb,The Bends,art rock
2rtGaCAeYtmcIvuZsvgTf6,How to Disappear Completely,Radiohead,4Z8W4fKeB5YxbusRsdQVPb,Kid A,art rock
4wajJ1o7jWIg62YqpkHC7S,Weird Fishes / Arpeggi,Radiohead,4Z8W4fKeB5YxbusRsdQVPb,In Rainbows,art rock
2ctvdKmETyOzPb2GiJJT53,Breathe (In the Air),Pink Floyd,0k17h0D3J5VfsdmQ1iZtE9,The Dark Side of the Moon,art rock
7fKOpunkjP4Pcgyc3hxCZz,ART GANG MONEY (feat. REDDY),Swervy,0YE7929Kw8hXmap9LKxUiC,ART GANG MONEY (feat. REDDY),art rock
0YJ9FWWHn9EfnN0lHwbzvV,Jigsaw Falling Into Place,Radiohead,4Z8W4fKeB5YxbusRsdQVPb,In Rainbows,art rock
5pkowV2jopPcQzYApEiBpf,New Rock,Byul.org,51mq386PWBqyWooRdxxlxP,Me & My Dog,art rock
6UO72VSXEONxdfLyABihs9,Black Star,Radiohead,4Z8W4fKeB5YxbusRsdQVPb,The Bends,art rock
3hzE3nytrQXLy0OikV9Ph3,Artistic Partisan,ALKALOID,7G3q9XMPPbhYYvszkrLqwF,ALKALOID ✕ Valkyrie「Artistic Partisan」 あんさんぶるスターズ！！ FUSION UNIT SERIES 03,art rock
6eILof9c784PFmizsYZbV2,JUNKY'S LAST KISS,ART-SCHOOL,53qmbfZrKa81AKLdojnxBT,UNDER MY SKIN,art rock
3tczE7x8dCOowujDao0wP8,대중문화예술기획업,DEEPFLOW,4E7PyG6Vo26X1I9qURf45z,FOUNDER,art rock
4ix8rheAyF0nqr32ZtMFri,rok,trunx,37jB6uHpxkWgDoBj4xdH3H,rok,art rock
6HNgyf3EW5WHSOPkHBbo0Q,Polydream,Dabda,0ndvlJnYkMJZhet7fVhk9C,"But, All The Shining Things Are",art rock
4aKWvufAudqaR3MMa8K9h8,Avant Garde Kim,The Black Skirts,6WeDO4GynFmK4OxwkBzMW8,201 (Special Edition),avant-garde
1eV5LUtHRTwrsBkpU8CbGT,Avant-garde HISTORY,Roselia,1bljHdc9g7V7ZLkYuf4yfy,Wahl,avant-garde
3PDKVBFyJ3MSCH10o5fdf9,OKP Cipher,Avantgardey,7wWcNbCAfY0H6dXhzcKEeH,OKP Cipher,avant-garde
49fc6EwdmbgaMKzbi7rT54,Avant Gardener,Courtney Barnett,4OOlG5eBXSkSAAEeKjJb5Y,The Double EP: A Sea of Split Peas,avant-garde
15YQqPnztkySRR6c3eBnRl,Work It,Avantgardey,7wWcNbCAfY0H6dXhzcKEeH,Work It,avant-garde
0r2WNF2Tx5d36BgXYQyYvM,May day,Avant Garde,6X6QPBDPljsVQx33DHliYa,May day,avant-garde
67YoRbGhV9IhDdBFZhrLCX,Avant Garde,yaego,3F5cNbKjtYHvv43yu5BhKp,ÆRO: DELUXE,avant-garde
4AkXE5K2Zh9qUnTaHsbkPn,avant garde,Flacvih,5vyWkHZrsvbjPskzIatoFg,avant garde,avant-garde
0Y0vVwua2457CWR1t2xWIR,avant-garde,Swoger,5nqiF0AEboatlHzDHNayUI,dreams with distorted faces,avant-garde
1SMdm0arRn2bXy1Uspa4OJ,The Avant Garde,David Byrne,20vuBdFblWUo2FCOvUzusB,Who Is The Sky?,avant-garde
3xNsHKqsBYt4aV90Bp4l5Y,Le chien d'avant garde,Keren Ann,4v1YZL83eLyemlt32wWAoA,La disparition,avant-garde
5KmlB7F77xHGFjoTHfQ6eJ,avant-garde,Swoger,5nqiF0AEboatlHzDHNayUI,avant-garde,avant-garde
4vfrRItDXnJGnAVfr5210G,Avant,KAVE,2ULfZAs05dyyWxznOPua14,Flight of Ideas,avant-garde
0kUMe7RUKmQYWZC5zRa1RX,avante,Shin Ji Hoon,0RpcAXbMHCcEEurjyHvuyg,Shin Ji Hoon 2nd Album 'Peace',avant-garde
11MDYWlVu3ay3RyyGvcjyg,Crooked,SMUSUPER,6Yh8Yjj1at7wyNfTbb5ZPl,Crooked,avant-garde
17U22ITjRuuiYlrPCExAiw,AVANT GARDE,Sirio,4eWZRxh8TrrKlTwFAkyopH,ART BRUT COLLAGE,avant-garde
2EipuecEo18EYYvqcj4eoE,Every Time We Say Goodbye - Remastered,Betty Carter,6HB1MchEEMg40EisSJuenZ,Avant-Garde Jazz (Remastered),avant-garde
7DAMG7QY6VYazuuYfQVTJl,Cocktails for Two - Remastered,Betty Carter,6HB1MchEEMg40EisSJuenZ,Avant-Garde Jazz (Remastered),avant-garde
2gG3ivmsfylVXLyIJvLXyN,Journey In Satchidananda,Alice Coltrane,0oKYiTD5CdNbrofRvM1dIr,Journey in Satchidananda,avant-garde
4q1gTFIxHFRQKICbIuVH8C,Avant,Eve,58oPVy7oihAEXE0Ott6JOf,Avant,avant-garde
5TUnAmbZFzje3SWKkDzk2j,あバンギャルど,Plastic Tree,5O4DsTkJ6z2eTSvIHZ6sDo,インク,avant-garde
4tscsbUMuX7EUZE2m97C6d,Avant,Eve,58oPVy7oihAEXE0Ott6JOf,Kaizin,avant-garde
1dfOmDF2cgL7rKFmlAGuPM,Avanti Q,Jonny Greenwood,0z9s3P5vCzKcUBSxgBDyLU,One Battle After Another (Original Motion Picture Soundtrack),avant-garde
0EjtZmOLT6WLShJRHCFWVU,Tapestry from an Asteroid,Sun Ra,0tIODqvzGUoEaK26rK4pvX,We Travel the Spaceways,avant-garde
3PoglM3oH7jP9FGwKAWBbw,앙팡테리블,Ghvstclub,3xZZnLrFVGNdJh0CMoBcwy,Enfant terrible,avant-garde
